name,|~explanation,|~group,|~group_name,|~element_alphabetic_value,|~element_numeric_value,|~page_nr,|~row,|~col,|~img_url
,|~From hang or from support, free hip circle hop to handstand.,|~III,|~,|~A,|~0.1,|~155,|~1,|~1,|~/Users/arnthordadi/Documents/projects/routine-builder/src/assets/img/elements/high-bar/page-155-row-1-col-1.png
,|~,|~III,|~,|~B,|~0.2,|~155,|~1,|~2,|~/Users/arnthordadi/Documents/projects/routine-builder/src/assets/img/elements/high-bar/page-155-row-1-col-2.png
,|~,|~III,|~,|~C,|~0.3,|~155,|~1,|~3,|~/Users/arnthordadi/Documents/projects/routine-builder/src/assets/img/elements/high-bar/page-155-row-1-col-3.png
,|~,|~III,|~,|~D,|~0.4,|~155,|~1,|~4,|~/Users/arnthordadi/Documents/projects/routine-builder/src/assets/img/elements/high-bar/page-155-row-1-col-4.png
,|~,|~III,|~,|~E,|~0.5,|~155,|~1,|~5,|~/Users/arnthordadi/Documents/projects/routine-builder/src/assets/img/elements/high-bar/page-155-row-1-col-5.png
,|~,|~III,|~,|~F/G/H,|~0.6,|~155,|~1,|~6,|~/Users/arnthordadi/Documents/projects/routine-builder/src/assets/img/elements/high-bar/page-155-row-1-col-6.png
,|~,|~III,|~,|~A,|~0.1,|~155,|~2,|~1,|~/Users/arnthordadi/Documents/projects/routine-builder/src/assets/img/elements/high-bar/page-155-row-2-col-1.png
Endo,|~Free circle fwd. straddled thr. hdst.,|~III,|~,|~B,|~0.2,|~155,|~2,|~2,|~/Users/arnthordadi/Documents/projects/routine-builder/src/assets/img/elements/high-bar/page-155-row-2-col-2.png
,|~Free circle fwd. legs together thr. hdst.,|~III,|~,|~C,|~0.3,|~155,|~2,|~3,|~/Users/arnthordadi/Documents/projects/routine-builder/src/assets/img/elements/high-bar/page-155-row-2-col-3.png
,|~,|~III,|~,|~D,|~0.4,|~155,|~2,|~4,|~/Users/arnthordadi/Documents/projects/routine-builder/src/assets/img/elements/high-bar/page-155-row-2-col-4.png
,|~,|~III,|~,|~E,|~0.5,|~155,|~2,|~5,|~/Users/arnthordadi/Documents/projects/routine-builder/src/assets/img/elements/high-bar/page-155-row-2-col-5.png
,|~,|~III,|~,|~F/G/H,|~0.6,|~155,|~2,|~6,|~/Users/arnthordadi/Documents/projects/routine-builder/src/assets/img/elements/high-bar/page-155-row-2-col-6.png
,|~,|~III,|~,|~A,|~0.1,|~155,|~3,|~1,|~/Users/arnthordadi/Documents/projects/routine-builder/src/assets/img/elements/high-bar/page-155-row-3-col-1.png
Stalder,|~Free circle bwd. straddle thr. hdst.,|~III,|~,|~B,|~0.2,|~155,|~3,|~2,|~/Users/arnthordadi/Documents/projects/routine-builder/src/assets/img/elements/high-bar/page-155-row-3-col-2.png
,|~,|~III,|~,|~C,|~0.3,|~155,|~3,|~3,|~/Users/arnthordadi/Documents/projects/routine-builder/src/assets/img/elements/high-bar/page-155-row-3-col-3.png
,|~Stalder with hop 3/2 turn through hdst. in mix:,|~III,|~,|~D,|~0.4,|~155,|~3,|~4,|~/Users/arnthordadi/Documents/projects/routine-builder/src/assets/img/elements/high-bar/page-155-row-3-col-4.png
,|~Stalder with hop 3/2 tum through hdst. in el-grip.,|~III,|~,|~E,|~0.5,|~155,|~3,|~5,|~/Users/arnthordadi/Documents/projects/routine-builder/src/assets/img/elements/high-bar/page-155-row-3-col-5.png
,|~,|~III,|~,|~F/G/H,|~0.6,|~155,|~3,|~6,|~/Users/arnthordadi/Documents/projects/routine-builder/src/assets/img/elements/high-bar/page-155-row-3-col-6.png
,|~,|~III,|~,|~A,|~0.1,|~155,|~4,|~1,|~/Users/arnthordadi/Documents/projects/routine-builder/src/assets/img/elements/high-bar/page-155-row-4-col-1.png
,|~,|~III,|~,|~B,|~0.2,|~155,|~4,|~2,|~/Users/arnthordadi/Documents/projects/routine-builder/src/assets/img/elements/high-bar/page-155-row-4-col-2.png
,|~,|~III,|~,|~C,|~0.3,|~155,|~4,|~3,|~/Users/arnthordadi/Documents/projects/routine-builder/src/assets/img/elements/high-bar/page-155-row-4-col-3.png
,|~,|~III,|~,|~D,|~0.4,|~155,|~4,|~4,|~/Users/arnthordadi/Documents/projects/routine-builder/src/assets/img/elements/high-bar/page-155-row-4-col-4.png
,|~,|~III,|~,|~E,|~0.5,|~155,|~4,|~5,|~/Users/arnthordadi/Documents/projects/routine-builder/src/assets/img/elements/high-bar/page-155-row-4-col-5.png
,|~,|~III,|~,|~F/G/H,|~0.6,|~155,|~4,|~6,|~/Users/arnthordadi/Documents/projects/routine-builder/src/assets/img/elements/high-bar/page-155-row-4-col-6.png
,|~Kip to hdst. or from mixed grip to hdst.,|~III,|~In bar and Adler elements,|~A,|~0.1,|~154,|~1,|~1,|~/Users/arnthordadi/Documents/projects/routine-builder/src/assets/img/elements/high-bar/page-154-row-1-col-1.png
,|~,|~III,|~In bar and Adler elements,|~B,|~0.2,|~154,|~1,|~2,|~/Users/arnthordadi/Documents/projects/routine-builder/src/assets/img/elements/high-bar/page-154-row-1-col-2.png
,|~,|~III,|~In bar and Adler elements,|~C,|~0.3,|~154,|~1,|~3,|~/Users/arnthordadi/Documents/projects/routine-builder/src/assets/img/elements/high-bar/page-154-row-1-col-3.png
,|~,|~III,|~In bar and Adler elements,|~D,|~0.4,|~154,|~1,|~4,|~/Users/arnthordadi/Documents/projects/routine-builder/src/assets/img/elements/high-bar/page-154-row-1-col-4.png
,|~,|~III,|~In bar and Adler elements,|~E,|~0.5,|~154,|~1,|~5,|~/Users/arnthordadi/Documents/projects/routine-builder/src/assets/img/elements/high-bar/page-154-row-1-col-5.png
,|~,|~III,|~In bar and Adler elements,|~F/G/H,|~0.6,|~154,|~1,|~6,|~/Users/arnthordadi/Documents/projects/routine-builder/src/assets/img/elements/high-bar/page-154-row-1-col-6.png
,|~,|~III,|~In bar and Adler elements,|~A,|~0.1,|~154,|~2,|~1,|~/Users/arnthordadi/Documents/projects/routine-builder/src/assets/img/elements/high-bar/page-154-row-2-col-1.png
Weiler,|~From hdst,, free hip circle fwd. thr. hdst.,|~III,|~In bar and Adler elements,|~B,|~0.2,|~154,|~2,|~2,|~/Users/arnthordadi/Documents/projects/routine-builder/src/assets/img/elements/high-bar/page-154-row-2-col-2.png
,|~,|~III,|~In bar and Adler elements,|~C,|~0.3,|~154,|~2,|~3,|~/Users/arnthordadi/Documents/projects/routine-builder/src/assets/img/elements/high-bar/page-154-row-2-col-3.png
,|~,|~III,|~In bar and Adler elements,|~D,|~0.4,|~154,|~2,|~4,|~/Users/arnthordadi/Documents/projects/routine-builder/src/assets/img/elements/high-bar/page-154-row-2-col-4.png
,|~,|~III,|~In bar and Adler elements,|~E,|~0.5,|~154,|~2,|~5,|~/Users/arnthordadi/Documents/projects/routine-builder/src/assets/img/elements/high-bar/page-154-row-2-col-5.png
,|~,|~III,|~In bar and Adler elements,|~F/G/H,|~0.6,|~154,|~2,|~6,|~/Users/arnthordadi/Documents/projects/routine-builder/src/assets/img/elements/high-bar/page-154-row-2-col-6.png
,|~From hang or from support, free hip circle through handstand.,|~III,|~In bar and Adler elements,|~A,|~0.1,|~154,|~3,|~1,|~/Users/arnthordadi/Documents/projects/routine-builder/src/assets/img/elements/high-bar/page-154-row-3-col-1.png
,|~,|~III,|~In bar and Adler elements,|~B,|~0.2,|~154,|~3,|~2,|~/Users/arnthordadi/Documents/projects/routine-builder/src/assets/img/elements/high-bar/page-154-row-3-col-2.png
,|~,|~III,|~In bar and Adler elements,|~C,|~0.3,|~154,|~3,|~3,|~/Users/arnthordadi/Documents/projects/routine-builder/src/assets/img/elements/high-bar/page-154-row-3-col-3.png
,|~,|~III,|~In bar and Adler elements,|~D,|~0.4,|~154,|~3,|~4,|~/Users/arnthordadi/Documents/projects/routine-builder/src/assets/img/elements/high-bar/page-154-row-3-col-4.png
,|~,|~III,|~In bar and Adler elements,|~E,|~0.5,|~154,|~3,|~5,|~/Users/arnthordadi/Documents/projects/routine-builder/src/assets/img/elements/high-bar/page-154-row-3-col-5.png
,|~,|~III,|~In bar and Adler elements,|~F/G/H,|~0.6,|~154,|~3,|~6,|~/Users/arnthordadi/Documents/projects/routine-builder/src/assets/img/elements/high-bar/page-154-row-3-col-6.png
,|~,|~III,|~In bar and Adler elements,|~A,|~0.1,|~154,|~4,|~1,|~/Users/arnthordadi/Documents/projects/routine-builder/src/assets/img/elements/high-bar/page-154-row-4-col-1.png
,|~,|~III,|~In bar and Adler elements,|~B,|~0.2,|~154,|~4,|~2,|~/Users/arnthordadi/Documents/projects/routine-builder/src/assets/img/elements/high-bar/page-154-row-4-col-2.png
,|~,|~III,|~In bar and Adler elements,|~C,|~0.3,|~154,|~4,|~3,|~/Users/arnthordadi/Documents/projects/routine-builder/src/assets/img/elements/high-bar/page-154-row-4-col-3.png
,|~,|~III,|~In bar and Adler elements,|~D,|~0.4,|~154,|~4,|~4,|~/Users/arnthordadi/Documents/projects/routine-builder/src/assets/img/elements/high-bar/page-154-row-4-col-4.png
,|~,|~III,|~In bar and Adler elements,|~E,|~0.5,|~154,|~4,|~5,|~/Users/arnthordadi/Documents/projects/routine-builder/src/assets/img/elements/high-bar/page-154-row-4-col-5.png
,|~,|~III,|~In bar and Adler elements,|~F/G/H,|~0.6,|~154,|~4,|~6,|~/Users/arnthordadi/Documents/projects/routine-builder/src/assets/img/elements/high-bar/page-154-row-4-col-6.png
,|~,|~III,|~,|~A,|~0.1,|~156,|~1,|~1,|~/Users/arnthordadi/Documents/projects/routine-builder/src/assets/img/elements/high-bar/page-156-row-1-col-1.png
,|~,|~III,|~,|~B,|~0.2,|~156,|~1,|~2,|~/Users/arnthordadi/Documents/projects/routine-builder/src/assets/img/elements/high-bar/page-156-row-1-col-2.png
,|~,|~III,|~,|~C,|~0.3,|~156,|~1,|~3,|~/Users/arnthordadi/Documents/projects/routine-builder/src/assets/img/elements/high-bar/page-156-row-1-col-3.png
,|~,|~III,|~,|~D,|~0.4,|~156,|~1,|~4,|~/Users/arnthordadi/Documents/projects/routine-builder/src/assets/img/elements/high-bar/page-156-row-1-col-4.png
,|~,|~III,|~,|~E,|~0.5,|~156,|~1,|~5,|~/Users/arnthordadi/Documents/projects/routine-builder/src/assets/img/elements/high-bar/page-156-row-1-col-5.png
,|~,|~III,|~,|~F/G/H,|~0.6,|~156,|~1,|~6,|~/Users/arnthordadi/Documents/projects/routine-builder/src/assets/img/elements/high-bar/page-156-row-1-col-6.png
,|~,|~III,|~,|~A,|~0.1,|~156,|~2,|~1,|~/Users/arnthordadi/Documents/projects/routine-builder/src/assets/img/elements/high-bar/page-156-row-2-col-1.png
,|~Stalder with hop through hdst.,|~III,|~,|~B,|~0.2,|~156,|~2,|~2,|~/Users/arnthordadi/Documents/projects/routine-builder/src/assets/img/elements/high-bar/page-156-row-2-col-2.png
,|~Stalder legs together with hop through hdst.,|~III,|~,|~C,|~0.3,|~156,|~2,|~3,|~/Users/arnthordadi/Documents/projects/routine-builder/src/assets/img/elements/high-bar/page-156-row-2-col-3.png
,|~,|~III,|~,|~D,|~0.4,|~156,|~2,|~4,|~/Users/arnthordadi/Documents/projects/routine-builder/src/assets/img/elements/high-bar/page-156-row-2-col-4.png
,|~,|~III,|~,|~E,|~0.5,|~156,|~2,|~5,|~/Users/arnthordadi/Documents/projects/routine-builder/src/assets/img/elements/high-bar/page-156-row-2-col-5.png
,|~,|~III,|~,|~F/G/H,|~0.6,|~156,|~2,|~6,|~/Users/arnthordadi/Documents/projects/routine-builder/src/assets/img/elements/high-bar/page-156-row-2-col-6.png
,|~,|~III,|~,|~A,|~0.1,|~156,|~3,|~1,|~/Users/arnthordadi/Documents/projects/routine-builder/src/assets/img/elements/high-bar/page-156-row-3-col-1.png
,|~,|~III,|~,|~B,|~0.2,|~156,|~3,|~2,|~/Users/arnthordadi/Documents/projects/routine-builder/src/assets/img/elements/high-bar/page-156-row-3-col-2.png
,|~Stoop circle rearward fwd. through hdst.,|~III,|~,|~C,|~0.3,|~156,|~3,|~3,|~/Users/arnthordadi/Documents/projects/routine-builder/src/assets/img/elements/high-bar/page-156-row-3-col-3.png
,|~Adler with ¥% t. through hast. in ovgr. . oN,|~III,|~,|~D,|~0.4,|~156,|~3,|~4,|~/Users/arnthordadi/Documents/projects/routine-builder/src/assets/img/elements/high-bar/page-156-row-3-col-4.png
,|~Adler and 1/1 t. through hdst. in ungr.,|~III,|~,|~E,|~0.5,|~156,|~3,|~5,|~/Users/arnthordadi/Documents/projects/routine-builder/src/assets/img/elements/high-bar/page-156-row-3-col-5.png
,|~,|~III,|~,|~F/G/H,|~0.6,|~156,|~3,|~6,|~/Users/arnthordadi/Documents/projects/routine-builder/src/assets/img/elements/high-bar/page-156-row-3-col-6.png
,|~,|~III,|~,|~A,|~0.1,|~156,|~4,|~1,|~/Users/arnthordadi/Documents/projects/routine-builder/src/assets/img/elements/high-bar/page-156-row-4-col-1.png
,|~,|~III,|~,|~B,|~0.2,|~156,|~4,|~2,|~/Users/arnthordadi/Documents/projects/routine-builder/src/assets/img/elements/high-bar/page-156-row-4-col-2.png
,|~,|~III,|~,|~C,|~0.3,|~156,|~4,|~3,|~/Users/arnthordadi/Documents/projects/routine-builder/src/assets/img/elements/high-bar/page-156-row-4-col-3.png
,|~Adler hop to hdst. in ungr. or ovgr. or mixed grip.,|~III,|~,|~D,|~0.4,|~156,|~4,|~4,|~/Users/arnthordadi/Documents/projects/routine-builder/src/assets/img/elements/high-bar/page-156-row-4-col-4.png
,|~,|~III,|~,|~E,|~0.5,|~156,|~4,|~5,|~/Users/arnthordadi/Documents/projects/routine-builder/src/assets/img/elements/high-bar/page-156-row-4-col-5.png
,|~,|~III,|~,|~F/G/H,|~0.6,|~156,|~4,|~6,|~/Users/arnthordadi/Documents/projects/routine-builder/src/assets/img/elements/high-bar/page-156-row-4-col-6.png
,|~,|~III,|~,|~A,|~0.1,|~157,|~1,|~1,|~/Users/arnthordadi/Documents/projects/routine-builder/src/assets/img/elements/high-bar/page-157-row-1-col-1.png
,|~,|~III,|~,|~B,|~0.2,|~157,|~1,|~2,|~/Users/arnthordadi/Documents/projects/routine-builder/src/assets/img/elements/high-bar/page-157-row-1-col-2.png
,|~,|~III,|~,|~C,|~0.3,|~157,|~1,|~3,|~/Users/arnthordadi/Documents/projects/routine-builder/src/assets/img/elements/high-bar/page-157-row-1-col-3.png
,|~Adler and 1/1 t. thr. hdst. in mixed grip, also with hop.,|~III,|~,|~D,|~0.4,|~157,|~1,|~4,|~/Users/arnthordadi/Documents/projects/routine-builder/src/assets/img/elements/high-bar/page-157-row-1-col-4.png
,|~,|~III,|~,|~E,|~0.5,|~157,|~1,|~5,|~/Users/arnthordadi/Documents/projects/routine-builder/src/assets/img/elements/high-bar/page-157-row-1-col-5.png
,|~,|~III,|~,|~F/G/H,|~0.6,|~157,|~1,|~6,|~/Users/arnthordadi/Documents/projects/routine-builder/src/assets/img/elements/high-bar/page-157-row-1-col-6.png
,|~Back toss to dorsal hang. he a AR,|~III,|~,|~A,|~0.1,|~157,|~2,|~1,|~/Users/arnthordadi/Documents/projects/routine-builder/src/assets/img/elements/high-bar/page-157-row-2-col-1.png
Steineman,|~From dorsal hang, uprise fwd. to support rw.,|~III,|~,|~B,|~0.2,|~157,|~2,|~2,|~/Users/arnthordadi/Documents/projects/routine-builder/src/assets/img/elements/high-bar/page-157-row-2-col-2.png
,|~Stoop in and free back toss to dorsal hang.,|~III,|~,|~C,|~0.3,|~157,|~2,|~3,|~/Users/arnthordadi/Documents/projects/routine-builder/src/assets/img/elements/high-bar/page-157-row-2-col-3.png
,|~,|~III,|~,|~D,|~0.4,|~157,|~2,|~4,|~/Users/arnthordadi/Documents/projects/routine-builder/src/assets/img/elements/high-bar/page-157-row-2-col-4.png
,|~,|~III,|~,|~E,|~0.5,|~157,|~2,|~5,|~/Users/arnthordadi/Documents/projects/routine-builder/src/assets/img/elements/high-bar/page-157-row-2-col-5.png
,|~,|~III,|~,|~F/G/H,|~0.6,|~157,|~2,|~6,|~/Users/arnthordadi/Documents/projects/routine-builder/src/assets/img/elements/high-bar/page-157-row-2-col-6.png
,|~,|~III,|~,|~A,|~0.1,|~157,|~3,|~1,|~/Users/arnthordadi/Documents/projects/routine-builder/src/assets/img/elements/high-bar/page-157-row-3-col-1.png
,|~,|~III,|~,|~B,|~0.2,|~157,|~3,|~2,|~/Users/arnthordadi/Documents/projects/routine-builder/src/assets/img/elements/high-bar/page-157-row-3-col-2.png
Koste,|~Steineman uprise w. stoop or to hdst.,|~III,|~,|~C,|~0.3,|~157,|~3,|~3,|~/Users/arnthordadi/Documents/projects/routine-builder/src/assets/img/elements/high-bar/page-157-row-3-col-3.png
,|~,|~III,|~,|~D,|~0.4,|~157,|~3,|~4,|~/Users/arnthordadi/Documents/projects/routine-builder/src/assets/img/elements/high-bar/page-157-row-3-col-4.png
,|~,|~III,|~,|~E,|~0.5,|~157,|~3,|~5,|~/Users/arnthordadi/Documents/projects/routine-builder/src/assets/img/elements/high-bar/page-157-row-3-col-5.png
,|~,|~III,|~,|~F/G/H,|~0.6,|~157,|~3,|~6,|~/Users/arnthordadi/Documents/projects/routine-builder/src/assets/img/elements/high-bar/page-157-row-3-col-6.png
,|~,|~III,|~,|~A,|~0.1,|~157,|~4,|~1,|~/Users/arnthordadi/Documents/projects/routine-builder/src/assets/img/elements/high-bar/page-157-row-4-col-1.png
,|~Steineman uprise w. flank bwd. to sup. or hang.,|~III,|~,|~B,|~0.2,|~157,|~4,|~2,|~/Users/arnthordadi/Documents/projects/routine-builder/src/assets/img/elements/high-bar/page-157-row-4-col-2.png
,|~,|~III,|~,|~C,|~0.3,|~157,|~4,|~3,|~/Users/arnthordadi/Documents/projects/routine-builder/src/assets/img/elements/high-bar/page-157-row-4-col-3.png
,|~,|~III,|~,|~D,|~0.4,|~157,|~4,|~4,|~/Users/arnthordadi/Documents/projects/routine-builder/src/assets/img/elements/high-bar/page-157-row-4-col-4.png
,|~,|~III,|~,|~E,|~0.5,|~157,|~4,|~5,|~/Users/arnthordadi/Documents/projects/routine-builder/src/assets/img/elements/high-bar/page-157-row-4-col-5.png
,|~,|~III,|~,|~F/G/H,|~0.6,|~157,|~4,|~6,|~/Users/arnthordadi/Documents/projects/routine-builder/src/assets/img/elements/high-bar/page-157-row-4-col-6.png
,|~,|~I,|~,|~A,|~0.1,|~147,|~1,|~1,|~/Users/arnthordadi/Documents/projects/routine-builder/src/assets/img/elements/high-bar/page-147-row-1-col-1.png
,|~Giant swing bwd. with hop % t. to el-grip. \ of x,|~I,|~,|~B,|~0.2,|~147,|~1,|~2,|~/Users/arnthordadi/Documents/projects/routine-builder/src/assets/img/elements/high-bar/page-147-row-1-col-2.png
,|~Giant swing bwd. with hop 3/2 t. to undergrip,,|~I,|~,|~C,|~0.3,|~147,|~1,|~3,|~/Users/arnthordadi/Documents/projects/routine-builder/src/assets/img/elements/high-bar/page-147-row-1-col-3.png
Rybalko,|~Giant swing bwd. with hop 3/2 t. to double el- grip. , Bly.,|~I,|~,|~D,|~0.4,|~147,|~1,|~4,|~/Users/arnthordadi/Documents/projects/routine-builder/src/assets/img/elements/high-bar/page-147-row-1-col-4.png
,|~,|~I,|~,|~E,|~0.5,|~147,|~1,|~5,|~/Users/arnthordadi/Documents/projects/routine-builder/src/assets/img/elements/high-bar/page-147-row-1-col-5.png
,|~,|~I,|~,|~F/G/H,|~0.6,|~147,|~1,|~6,|~/Users/arnthordadi/Documents/projects/routine-builder/src/assets/img/elements/high-bar/page-147-row-1-col-6.png
,|~,|~I,|~,|~A,|~0.1,|~147,|~2,|~1,|~/Users/arnthordadi/Documents/projects/routine-builder/src/assets/img/elements/high-bar/page-147-row-2-col-1.png
,|~Giant swing bwd. with ¥ t. to el-grip.,|~I,|~,|~B,|~0.2,|~147,|~2,|~2,|~/Users/arnthordadi/Documents/projects/routine-builder/src/assets/img/elements/high-bar/page-147-row-2-col-2.png
,|~,|~I,|~,|~C,|~0.3,|~147,|~2,|~3,|~/Users/arnthordadi/Documents/projects/routine-builder/src/assets/img/elements/high-bar/page-147-row-2-col-3.png
,|~,|~I,|~,|~D,|~0.4,|~147,|~2,|~4,|~/Users/arnthordadi/Documents/projects/routine-builder/src/assets/img/elements/high-bar/page-147-row-2-col-4.png
,|~,|~I,|~,|~E,|~0.5,|~147,|~2,|~5,|~/Users/arnthordadi/Documents/projects/routine-builder/src/assets/img/elements/high-bar/page-147-row-2-col-5.png
,|~,|~I,|~,|~F/G/H,|~0.6,|~147,|~2,|~6,|~/Users/arnthordadi/Documents/projects/routine-builder/src/assets/img/elements/high-bar/page-147-row-2-col-6.png
,|~,|~I,|~,|~A,|~0.1,|~147,|~3,|~1,|~/Users/arnthordadi/Documents/projects/routine-builder/src/assets/img/elements/high-bar/page-147-row-3-col-1.png
,|~Long swing fwd. with hop to el-grip.,|~I,|~,|~B,|~0.2,|~147,|~3,|~2,|~/Users/arnthordadi/Documents/projects/routine-builder/src/assets/img/elements/high-bar/page-147-row-3-col-2.png
,|~,|~I,|~,|~C,|~0.3,|~147,|~3,|~3,|~/Users/arnthordadi/Documents/projects/routine-builder/src/assets/img/elements/high-bar/page-147-row-3-col-3.png
,|~,|~I,|~,|~D,|~0.4,|~147,|~3,|~4,|~/Users/arnthordadi/Documents/projects/routine-builder/src/assets/img/elements/high-bar/page-147-row-3-col-4.png
,|~,|~I,|~,|~E,|~0.5,|~147,|~3,|~5,|~/Users/arnthordadi/Documents/projects/routine-builder/src/assets/img/elements/high-bar/page-147-row-3-col-5.png
,|~,|~I,|~,|~F/G/H,|~0.6,|~147,|~3,|~6,|~/Users/arnthordadi/Documents/projects/routine-builder/src/assets/img/elements/high-bar/page-147-row-3-col-6.png
,|~,|~I,|~,|~A,|~0.1,|~147,|~4,|~1,|~/Users/arnthordadi/Documents/projects/routine-builder/src/assets/img/elements/high-bar/page-147-row-4-col-1.png
,|~,|~I,|~,|~B,|~0.2,|~147,|~4,|~2,|~/Users/arnthordadi/Documents/projects/routine-builder/src/assets/img/elements/high-bar/page-147-row-4-col-2.png
,|~Giant swing rearways fwd. (Russian giant).,|~I,|~,|~C,|~0.3,|~147,|~4,|~3,|~/Users/arnthordadi/Documents/projects/routine-builder/src/assets/img/elements/high-bar/page-147-row-4-col-3.png
,|~,|~I,|~,|~D,|~0.4,|~147,|~4,|~4,|~/Users/arnthordadi/Documents/projects/routine-builder/src/assets/img/elements/high-bar/page-147-row-4-col-4.png
,|~,|~I,|~,|~E,|~0.5,|~147,|~4,|~5,|~/Users/arnthordadi/Documents/projects/routine-builder/src/assets/img/elements/high-bar/page-147-row-4-col-5.png
,|~,|~I,|~,|~F/G/H,|~0.6,|~147,|~4,|~6,|~/Users/arnthordadi/Documents/projects/routine-builder/src/assets/img/elements/high-bar/page-147-row-4-col-6.png
,|~,|~II,|~,|~A,|~0.1,|~153,|~1,|~1,|~/Users/arnthordadi/Documents/projects/routine-builder/src/assets/img/elements/high-bar/page-153-row-1-col-1.png
,|~,|~II,|~,|~B,|~0.2,|~153,|~1,|~2,|~/Users/arnthordadi/Documents/projects/routine-builder/src/assets/img/elements/high-bar/page-153-row-1-col-2.png
,|~,|~II,|~,|~C,|~0.3,|~153,|~1,|~3,|~/Users/arnthordadi/Documents/projects/routine-builder/src/assets/img/elements/high-bar/page-153-row-1-col-3.png
,|~,|~II,|~,|~D,|~0.4,|~153,|~1,|~4,|~/Users/arnthordadi/Documents/projects/routine-builder/src/assets/img/elements/high-bar/page-153-row-1-col-4.png
,|~,|~II,|~,|~E,|~0.5,|~153,|~1,|~5,|~/Users/arnthordadi/Documents/projects/routine-builder/src/assets/img/elements/high-bar/page-153-row-1-col-5.png
Miyachi,|~Kovacs straight with 2/1 turn. Stal 7,|~II,|~,|~F/G/H,|~0.6,|~153,|~1,|~6,|~/Users/arnthordadi/Documents/projects/routine-builder/src/assets/img/elements/high-bar/page-153-row-1-col-6.png
,|~,|~II,|~,|~A,|~0.1,|~153,|~2,|~1,|~/Users/arnthordadi/Documents/projects/routine-builder/src/assets/img/elements/high-bar/page-153-row-2-col-1.png
,|~,|~II,|~,|~B,|~0.2,|~153,|~2,|~2,|~/Users/arnthordadi/Documents/projects/routine-builder/src/assets/img/elements/high-bar/page-153-row-2-col-2.png
,|~,|~II,|~,|~C,|~0.3,|~153,|~2,|~3,|~/Users/arnthordadi/Documents/projects/routine-builder/src/assets/img/elements/high-bar/page-153-row-2-col-3.png
,|~,|~II,|~,|~D,|~0.4,|~153,|~2,|~4,|~/Users/arnthordadi/Documents/projects/routine-builder/src/assets/img/elements/high-bar/page-153-row-2-col-4.png
,|~,|~II,|~,|~E,|~0.5,|~153,|~2,|~5,|~/Users/arnthordadi/Documents/projects/routine-builder/src/assets/img/elements/high-bar/page-153-row-2-col-5.png
Shaham,|~Kovacs with 3/2 t. to mix grip.,|~II,|~,|~F/G/H,|~0.6,|~153,|~2,|~6,|~/Users/arnthordadi/Documents/projects/routine-builder/src/assets/img/elements/high-bar/page-153-row-2-col-6.png
,|~,|~II,|~,|~A,|~0.1,|~153,|~3,|~1,|~/Users/arnthordadi/Documents/projects/routine-builder/src/assets/img/elements/high-bar/page-153-row-3-col-1.png
,|~,|~II,|~,|~B,|~0.2,|~153,|~3,|~2,|~/Users/arnthordadi/Documents/projects/routine-builder/src/assets/img/elements/high-bar/page-153-row-3-col-2.png
,|~,|~II,|~,|~C,|~0.3,|~153,|~3,|~3,|~/Users/arnthordadi/Documents/projects/routine-builder/src/assets/img/elements/high-bar/page-153-row-3-col-3.png
,|~,|~II,|~,|~D,|~0.4,|~153,|~3,|~4,|~/Users/arnthordadi/Documents/projects/routine-builder/src/assets/img/elements/high-bar/page-153-row-3-col-4.png
,|~,|~II,|~,|~E,|~0.5,|~153,|~3,|~5,|~/Users/arnthordadi/Documents/projects/routine-builder/src/assets/img/elements/high-bar/page-153-row-3-col-5.png
,|~,|~II,|~,|~F/G/H,|~0.6,|~153,|~3,|~6,|~/Users/arnthordadi/Documents/projects/routine-builder/src/assets/img/elements/high-bar/page-153-row-3-col-6.png
,|~,|~II,|~,|~A,|~0.1,|~153,|~4,|~1,|~/Users/arnthordadi/Documents/projects/routine-builder/src/assets/img/elements/high-bar/page-153-row-4-col-1.png
,|~,|~II,|~,|~B,|~0.2,|~153,|~4,|~2,|~/Users/arnthordadi/Documents/projects/routine-builder/src/assets/img/elements/high-bar/page-153-row-4-col-2.png
,|~,|~II,|~,|~C,|~0.3,|~153,|~4,|~3,|~/Users/arnthordadi/Documents/projects/routine-builder/src/assets/img/elements/high-bar/page-153-row-4-col-3.png
,|~,|~II,|~,|~D,|~0.4,|~153,|~4,|~4,|~/Users/arnthordadi/Documents/projects/routine-builder/src/assets/img/elements/high-bar/page-153-row-4-col-4.png
,|~,|~II,|~,|~E,|~0.5,|~153,|~4,|~5,|~/Users/arnthordadi/Documents/projects/routine-builder/src/assets/img/elements/high-bar/page-153-row-4-col-5.png
,|~,|~II,|~,|~F/G/H,|~0.6,|~153,|~4,|~6,|~/Users/arnthordadi/Documents/projects/routine-builder/src/assets/img/elements/high-bar/page-153-row-4-col-6.png
,|~,|~II,|~,|~A,|~0.1,|~152,|~1,|~1,|~/Users/arnthordadi/Documents/projects/routine-builder/src/assets/img/elements/high-bar/page-152-row-1-col-1.png
,|~,|~II,|~,|~B,|~0.2,|~152,|~1,|~2,|~/Users/arnthordadi/Documents/projects/routine-builder/src/assets/img/elements/high-bar/page-152-row-1-col-2.png
,|~,|~II,|~,|~C,|~0.3,|~152,|~1,|~3,|~/Users/arnthordadi/Documents/projects/routine-builder/src/assets/img/elements/high-bar/page-152-row-1-col-3.png
,|~,|~II,|~,|~D,|~0.4,|~152,|~1,|~4,|~/Users/arnthordadi/Documents/projects/routine-builder/src/assets/img/elements/high-bar/page-152-row-1-col-4.png
,|~,|~II,|~,|~E,|~0.5,|~152,|~1,|~5,|~/Users/arnthordadi/Documents/projects/routine-builder/src/assets/img/elements/high-bar/page-152-row-1-col-5.png
Maras,|~,|~II,|~,|~F/G/H,|~0.6,|~152,|~1,|~6,|~/Users/arnthordadi/Documents/projects/routine-builder/src/assets/img/elements/high-bar/page-152-row-1-col-6.png
,|~,|~II,|~,|~A,|~0.1,|~152,|~2,|~1,|~/Users/arnthordadi/Documents/projects/routine-builder/src/assets/img/elements/high-bar/page-152-row-2-col-1.png
,|~,|~II,|~,|~B,|~0.2,|~152,|~2,|~2,|~/Users/arnthordadi/Documents/projects/routine-builder/src/assets/img/elements/high-bar/page-152-row-2-col-2.png
,|~,|~II,|~,|~C,|~0.3,|~152,|~2,|~3,|~/Users/arnthordadi/Documents/projects/routine-builder/src/assets/img/elements/high-bar/page-152-row-2-col-3.png
,|~Salto bwd. % t. tucked over the bar.,|~II,|~,|~D,|~0.4,|~152,|~2,|~4,|~/Users/arnthordadi/Documents/projects/routine-builder/src/assets/img/elements/high-bar/page-152-row-2-col-4.png
,|~Salto bwd. % t. piked over the bar.,|~II,|~,|~E,|~0.5,|~152,|~2,|~5,|~/Users/arnthordadi/Documents/projects/routine-builder/src/assets/img/elements/high-bar/page-152-row-2-col-5.png
,|~,|~II,|~,|~F/G/H,|~0.6,|~152,|~2,|~6,|~/Users/arnthordadi/Documents/projects/routine-builder/src/assets/img/elements/high-bar/page-152-row-2-col-6.png
,|~,|~II,|~,|~A,|~0.1,|~152,|~3,|~1,|~/Users/arnthordadi/Documents/projects/routine-builder/src/assets/img/elements/high-bar/page-152-row-3-col-1.png
,|~,|~II,|~,|~B,|~0.2,|~152,|~3,|~2,|~/Users/arnthordadi/Documents/projects/routine-builder/src/assets/img/elements/high-bar/page-152-row-3-col-2.png
,|~,|~II,|~,|~C,|~0.3,|~152,|~3,|~3,|~/Users/arnthordadi/Documents/projects/routine-builder/src/assets/img/elements/high-bar/page-152-row-3-col-3.png
Kovacs,|~Double salto bwa. t. over the bar.,|~II,|~,|~D,|~0.4,|~152,|~3,|~4,|~/Users/arnthordadi/Documents/projects/routine-builder/src/assets/img/elements/high-bar/page-152-row-3-col-4.png
Kolman,|~Kovacs with 1/1 t. Kovacs con 1/1 g.,|~II,|~,|~E,|~0.5,|~152,|~3,|~5,|~/Users/arnthordadi/Documents/projects/routine-builder/src/assets/img/elements/high-bar/page-152-row-3-col-5.png
Bretschneider,|~Kovacs with 2/1 t. Kovacs con 2/1 g.,|~II,|~,|~F/G/H,|~0.6,|~152,|~3,|~6,|~/Users/arnthordadi/Documents/projects/routine-builder/src/assets/img/elements/high-bar/page-152-row-3-col-6.png
,|~,|~II,|~,|~A,|~0.1,|~152,|~4,|~1,|~/Users/arnthordadi/Documents/projects/routine-builder/src/assets/img/elements/high-bar/page-152-row-4-col-1.png
,|~,|~II,|~,|~B,|~0.2,|~152,|~4,|~2,|~/Users/arnthordadi/Documents/projects/routine-builder/src/assets/img/elements/high-bar/page-152-row-4-col-2.png
,|~,|~II,|~,|~C,|~0.3,|~152,|~4,|~3,|~/Users/arnthordadi/Documents/projects/routine-builder/src/assets/img/elements/high-bar/page-152-row-4-col-3.png
,|~,|~II,|~,|~D,|~0.4,|~152,|~4,|~4,|~/Users/arnthordadi/Documents/projects/routine-builder/src/assets/img/elements/high-bar/page-152-row-4-col-4.png
,|~Kovacs piked or straight.,|~II,|~,|~E,|~0.5,|~152,|~4,|~5,|~/Users/arnthordadi/Documents/projects/routine-builder/src/assets/img/elements/high-bar/page-152-row-4-col-5.png
Cassina,|~Kovacs straight or piked with 1/1 turn.,|~II,|~,|~F/G/H,|~0.6,|~152,|~4,|~6,|~/Users/arnthordadi/Documents/projects/routine-builder/src/assets/img/elements/high-bar/page-152-row-4-col-6.png
,|~,|~I,|~,|~A,|~0.1,|~146,|~1,|~1,|~/Users/arnthordadi/Documents/projects/routine-builder/src/assets/img/elements/high-bar/page-146-row-1-col-1.png
,|~Giant swing fwd. with one arm in ungr. (360°).,|~I,|~,|~B,|~0.2,|~146,|~1,|~2,|~/Users/arnthordadi/Documents/projects/routine-builder/src/assets/img/elements/high-bar/page-146-row-1-col-2.png
Zou Li Min,|~On one arm, giant swing fwd. w. 1/1 t. to e-grip and 1/1t.,|~I,|~,|~C,|~0.3,|~146,|~1,|~3,|~/Users/arnthordadi/Documents/projects/routine-builder/src/assets/img/elements/high-bar/page-146-row-1-col-3.png
,|~,|~I,|~,|~D,|~0.4,|~146,|~1,|~4,|~/Users/arnthordadi/Documents/projects/routine-builder/src/assets/img/elements/high-bar/page-146-row-1-col-4.png
,|~,|~I,|~,|~E,|~0.5,|~146,|~1,|~5,|~/Users/arnthordadi/Documents/projects/routine-builder/src/assets/img/elements/high-bar/page-146-row-1-col-5.png
,|~,|~I,|~,|~F/G/H,|~0.6,|~146,|~1,|~6,|~/Users/arnthordadi/Documents/projects/routine-builder/src/assets/img/elements/high-bar/page-146-row-1-col-6.png
,|~. Grand tour arriere.,|~I,|~,|~A,|~0.1,|~146,|~2,|~1,|~/Users/arnthordadi/Documents/projects/routine-builder/src/assets/img/elements/high-bar/page-146-row-2-col-1.png
,|~One arm giant swing bwd. (360°).,|~I,|~,|~B,|~0.2,|~146,|~2,|~2,|~/Users/arnthordadi/Documents/projects/routine-builder/src/assets/img/elements/high-bar/page-146-row-2-col-2.png
,|~,|~I,|~,|~C,|~0.3,|~146,|~2,|~3,|~/Users/arnthordadi/Documents/projects/routine-builder/src/assets/img/elements/high-bar/page-146-row-2-col-3.png
,|~,|~I,|~,|~D,|~0.4,|~146,|~2,|~4,|~/Users/arnthordadi/Documents/projects/routine-builder/src/assets/img/elements/high-bar/page-146-row-2-col-4.png
,|~,|~I,|~,|~E,|~0.5,|~146,|~2,|~5,|~/Users/arnthordadi/Documents/projects/routine-builder/src/assets/img/elements/high-bar/page-146-row-2-col-5.png
,|~,|~I,|~,|~F/G/H,|~0.6,|~146,|~2,|~6,|~/Users/arnthordadi/Documents/projects/routine-builder/src/assets/img/elements/high-bar/page-146-row-2-col-6.png
,|~Giant swing bwd. with % turn.,|~I,|~,|~A,|~0.1,|~146,|~3,|~1,|~/Users/arnthordadi/Documents/projects/routine-builder/src/assets/img/elements/high-bar/page-146-row-3-col-1.png
,|~,|~I,|~,|~B,|~0.2,|~146,|~3,|~2,|~/Users/arnthordadi/Documents/projects/routine-builder/src/assets/img/elements/high-bar/page-146-row-3-col-2.png
,|~,|~I,|~,|~C,|~0.3,|~146,|~3,|~3,|~/Users/arnthordadi/Documents/projects/routine-builder/src/assets/img/elements/high-bar/page-146-row-3-col-3.png
,|~,|~I,|~,|~D,|~0.4,|~146,|~3,|~4,|~/Users/arnthordadi/Documents/projects/routine-builder/src/assets/img/elements/high-bar/page-146-row-3-col-4.png
,|~,|~I,|~,|~E,|~0.5,|~146,|~3,|~5,|~/Users/arnthordadi/Documents/projects/routine-builder/src/assets/img/elements/high-bar/page-146-row-3-col-5.png
,|~,|~I,|~,|~F/G/H,|~0.6,|~146,|~3,|~6,|~/Users/arnthordadi/Documents/projects/routine-builder/src/assets/img/elements/high-bar/page-146-row-3-col-6.png
,|~Giant swing bwd. with hop to undergrip.,|~I,|~,|~A,|~0.1,|~146,|~4,|~1,|~/Users/arnthordadi/Documents/projects/routine-builder/src/assets/img/elements/high-bar/page-146-row-4-col-1.png
,|~,|~I,|~,|~B,|~0.2,|~146,|~4,|~2,|~/Users/arnthordadi/Documents/projects/routine-builder/src/assets/img/elements/high-bar/page-146-row-4-col-2.png
Quast,|~Flying giant swing bwd. with 1/1 t.,|~I,|~,|~C,|~0.3,|~146,|~4,|~3,|~/Users/arnthordadi/Documents/projects/routine-builder/src/assets/img/elements/high-bar/page-146-row-4-col-3.png
,|~,|~I,|~,|~D,|~0.4,|~146,|~4,|~4,|~/Users/arnthordadi/Documents/projects/routine-builder/src/assets/img/elements/high-bar/page-146-row-4-col-4.png
,|~,|~I,|~,|~E,|~0.5,|~146,|~4,|~5,|~/Users/arnthordadi/Documents/projects/routine-builder/src/assets/img/elements/high-bar/page-146-row-4-col-5.png
,|~,|~I,|~,|~F/G/H,|~0.6,|~146,|~4,|~6,|~/Users/arnthordadi/Documents/projects/routine-builder/src/assets/img/elements/high-bar/page-146-row-4-col-6.png
,|~,|~II,|~,|~A,|~0.1,|~150,|~1,|~1,|~/Users/arnthordadi/Documents/projects/routine-builder/src/assets/img/elements/high-bar/page-150-row-1-col-1.png
Voronin,|~Back uprise and piked vault with % t. to hang.,|~II,|~,|~B,|~0.2,|~150,|~1,|~2,|~/Users/arnthordadi/Documents/projects/routine-builder/src/assets/img/elements/high-bar/page-150-row-1-col-2.png
,|~,|~II,|~,|~C,|~0.3,|~150,|~1,|~3,|~/Users/arnthordadi/Documents/projects/routine-builder/src/assets/img/elements/high-bar/page-150-row-1-col-3.png
Piatti,|~Stalder or free hip circle bwd to Tkatchev straddle, also with ¥ t. Tkatchev p. ab. también con % t.,|~II,|~,|~D,|~0.4,|~150,|~1,|~4,|~/Users/arnthordadi/Documents/projects/routine-builder/src/assets/img/elements/high-bar/page-150-row-1-col-4.png
,|~Piatti straight. also with % t. to mix el-grip into back uprise to hdst.,|~II,|~,|~E,|~0.5,|~150,|~1,|~5,|~/Users/arnthordadi/Documents/projects/routine-builder/src/assets/img/elements/high-bar/page-150-row-1-col-5.png
,|~,|~II,|~,|~F/G/H,|~0.6,|~150,|~1,|~6,|~/Users/arnthordadi/Documents/projects/routine-builder/src/assets/img/elements/high-bar/page-150-row-1-col-6.png
,|~,|~II,|~,|~A,|~0.1,|~150,|~2,|~1,|~/Users/arnthordadi/Documents/projects/routine-builder/src/assets/img/elements/high-bar/page-150-row-2-col-1.png
,|~Back uprise and rear vault with % t. to hang.,|~II,|~,|~B,|~0.2,|~150,|~2,|~2,|~/Users/arnthordadi/Documents/projects/routine-builder/src/assets/img/elements/high-bar/page-150-row-2-col-2.png
,|~,|~II,|~,|~C,|~0.3,|~150,|~2,|~3,|~/Users/arnthordadi/Documents/projects/routine-builder/src/assets/img/elements/high-bar/page-150-row-2-col-3.png
,|~Piatti piked.also w. .%4t.,|~II,|~,|~D,|~0.4,|~150,|~2,|~4,|~/Users/arnthordadi/Documents/projects/routine-builder/src/assets/img/elements/high-bar/page-150-row-2-col-4.png
,|~,|~II,|~,|~E,|~0.5,|~150,|~2,|~5,|~/Users/arnthordadi/Documents/projects/routine-builder/src/assets/img/elements/high-bar/page-150-row-2-col-5.png
Suarez,|~Piatti straight with 1/1 turn.,|~II,|~,|~F/G/H,|~0.6,|~150,|~2,|~6,|~/Users/arnthordadi/Documents/projects/routine-builder/src/assets/img/elements/high-bar/page-150-row-2-col-6.png
,|~,|~II,|~,|~A,|~0.1,|~150,|~3,|~1,|~/Users/arnthordadi/Documents/projects/routine-builder/src/assets/img/elements/high-bar/page-150-row-3-col-1.png
,|~,|~II,|~,|~B,|~0.2,|~150,|~3,|~2,|~/Users/arnthordadi/Documents/projects/routine-builder/src/assets/img/elements/high-bar/page-150-row-3-col-2.png
Jager,|~‘Swing bwd. and salto fwd. t., p. or strad. to hg.,|~II,|~,|~C,|~0.3,|~150,|~3,|~3,|~/Users/arnthordadi/Documents/projects/routine-builder/src/assets/img/elements/high-bar/page-150-row-3-col-3.png
Balabanov,|~Salto fwd. straight, also from el-grip.,|~II,|~,|~D,|~0.4,|~150,|~3,|~4,|~/Users/arnthordadi/Documents/projects/routine-builder/src/assets/img/elements/high-bar/page-150-row-3-col-4.png
,|~,|~II,|~,|~E,|~0.5,|~150,|~3,|~5,|~/Users/arnthordadi/Documents/projects/routine-builder/src/assets/img/elements/high-bar/page-150-row-3-col-5.png
Winkler - Pogorelev,|~Salto fwd. straight with 1/1 t. also from el grip.,|~II,|~,|~F/G/H,|~0.6,|~150,|~3,|~6,|~/Users/arnthordadi/Documents/projects/routine-builder/src/assets/img/elements/high-bar/page-150-row-3-col-6.png
,|~,|~II,|~,|~A,|~0.1,|~150,|~4,|~1,|~/Users/arnthordadi/Documents/projects/routine-builder/src/assets/img/elements/high-bar/page-150-row-4-col-1.png
,|~,|~II,|~,|~B,|~0.2,|~150,|~4,|~2,|~/Users/arnthordadi/Documents/projects/routine-builder/src/assets/img/elements/high-bar/page-150-row-4-col-2.png
,|~Czech giant and vault bwd. strad. to hang.,|~II,|~,|~C,|~0.3,|~150,|~4,|~3,|~/Users/arnthordadi/Documents/projects/routine-builder/src/assets/img/elements/high-bar/page-150-row-4-col-3.png
Xiao Ruizhi,|~‘Swing fwd. and counter salto fwd. strad. to hg.,|~II,|~,|~D,|~0.4,|~150,|~4,|~4,|~/Users/arnthordadi/Documents/projects/routine-builder/src/assets/img/elements/high-bar/page-150-row-4-col-4.png
,|~,|~II,|~,|~E,|~0.5,|~150,|~4,|~5,|~/Users/arnthordadi/Documents/projects/routine-builder/src/assets/img/elements/high-bar/page-150-row-4-col-5.png
,|~Salto fwd. straight with 2/1 t. also from el grip.,|~II,|~,|~F/G/H,|~0.6,|~150,|~4,|~6,|~/Users/arnthordadi/Documents/projects/routine-builder/src/assets/img/elements/high-bar/page-150-row-4-col-6.png
,|~Back uprise to handstand.,|~I,|~,|~A,|~0.1,|~145,|~1,|~1,|~/Users/arnthordadi/Documents/projects/routine-builder/src/assets/img/elements/high-bar/page-145-row-1-col-1.png
,|~Back uprise to hdst. with 1/1 turn also to mixt.,|~I,|~,|~B,|~0.2,|~145,|~1,|~2,|~/Users/arnthordadi/Documents/projects/routine-builder/src/assets/img/elements/high-bar/page-145-row-1-col-2.png
,|~,|~I,|~,|~C,|~0.3,|~145,|~1,|~3,|~/Users/arnthordadi/Documents/projects/routine-builder/src/assets/img/elements/high-bar/page-145-row-1-col-3.png
,|~,|~I,|~,|~D,|~0.4,|~145,|~1,|~4,|~/Users/arnthordadi/Documents/projects/routine-builder/src/assets/img/elements/high-bar/page-145-row-1-col-4.png
,|~,|~I,|~,|~E,|~0.5,|~145,|~1,|~5,|~/Users/arnthordadi/Documents/projects/routine-builder/src/assets/img/elements/high-bar/page-145-row-1-col-5.png
,|~,|~I,|~,|~F/G/H,|~0.6,|~145,|~1,|~6,|~/Users/arnthordadi/Documents/projects/routine-builder/src/assets/img/elements/high-bar/page-145-row-1-col-6.png
,|~Back uprise to handstand with % turn.,|~I,|~,|~A,|~0.1,|~145,|~2,|~1,|~/Users/arnthordadi/Documents/projects/routine-builder/src/assets/img/elements/high-bar/page-145-row-2-col-1.png
,|~Swing bwd. and pirouette to hang.,|~I,|~,|~B,|~0.2,|~145,|~2,|~2,|~/Users/arnthordadi/Documents/projects/routine-builder/src/assets/img/elements/high-bar/page-145-row-2-col-2.png
,|~Swing bwd, and pirouette to support. SN ot,|~I,|~,|~C,|~0.3,|~145,|~2,|~3,|~/Users/arnthordadi/Documents/projects/routine-builder/src/assets/img/elements/high-bar/page-145-row-2-col-3.png
,|~,|~I,|~,|~D,|~0.4,|~145,|~2,|~4,|~/Users/arnthordadi/Documents/projects/routine-builder/src/assets/img/elements/high-bar/page-145-row-2-col-4.png
,|~,|~I,|~,|~E,|~0.5,|~145,|~2,|~5,|~/Users/arnthordadi/Documents/projects/routine-builder/src/assets/img/elements/high-bar/page-145-row-2-col-5.png
,|~,|~I,|~,|~F/G/H,|~0.6,|~145,|~2,|~6,|~/Users/arnthordadi/Documents/projects/routine-builder/src/assets/img/elements/high-bar/page-145-row-2-col-6.png
,|~,|~I,|~,|~A,|~0.1,|~145,|~3,|~1,|~/Users/arnthordadi/Documents/projects/routine-builder/src/assets/img/elements/high-bar/page-145-row-3-col-1.png
,|~Giant swing fwd. with 1/1 turn in mixt grip.,|~I,|~,|~B,|~0.2,|~145,|~3,|~2,|~/Users/arnthordadi/Documents/projects/routine-builder/src/assets/img/elements/high-bar/page-145-row-3-col-2.png
,|~Giant swing fwd. with 1/1 turn in double elgrip.,|~I,|~,|~C,|~0.3,|~145,|~3,|~3,|~/Users/arnthordadi/Documents/projects/routine-builder/src/assets/img/elements/high-bar/page-145-row-3-col-3.png
,|~,|~I,|~,|~D,|~0.4,|~145,|~3,|~4,|~/Users/arnthordadi/Documents/projects/routine-builder/src/assets/img/elements/high-bar/page-145-row-3-col-4.png
,|~,|~I,|~,|~E,|~0.5,|~145,|~3,|~5,|~/Users/arnthordadi/Documents/projects/routine-builder/src/assets/img/elements/high-bar/page-145-row-3-col-5.png
,|~,|~I,|~,|~F/G/H,|~0.6,|~145,|~3,|~6,|~/Users/arnthordadi/Documents/projects/routine-builder/src/assets/img/elements/high-bar/page-145-row-3-col-6.png
,|~Giant swing fwd. with % t. thr. hdst.,|~I,|~,|~A,|~0.1,|~145,|~4,|~1,|~/Users/arnthordadi/Documents/projects/routine-builder/src/assets/img/elements/high-bar/page-145-row-4-col-1.png
,|~Flying giant swing fwd. or with’ turn.,|~I,|~,|~B,|~0.2,|~145,|~4,|~2,|~/Users/arnthordadi/Documents/projects/routine-builder/src/assets/img/elements/high-bar/page-145-row-4-col-2.png
,|~Flying giant swing fwd. with 1/1 t. ot |,|~I,|~,|~C,|~0.3,|~145,|~4,|~3,|~/Users/arnthordadi/Documents/projects/routine-builder/src/assets/img/elements/high-bar/page-145-row-4-col-3.png
,|~,|~I,|~,|~D,|~0.4,|~145,|~4,|~4,|~/Users/arnthordadi/Documents/projects/routine-builder/src/assets/img/elements/high-bar/page-145-row-4-col-4.png
,|~,|~I,|~,|~E,|~0.5,|~145,|~4,|~5,|~/Users/arnthordadi/Documents/projects/routine-builder/src/assets/img/elements/high-bar/page-145-row-4-col-5.png
,|~,|~I,|~,|~F/G/H,|~0.6,|~145,|~4,|~6,|~/Users/arnthordadi/Documents/projects/routine-builder/src/assets/img/elements/high-bar/page-145-row-4-col-6.png
,|~,|~II,|~,|~A,|~0.1,|~151,|~1,|~1,|~/Users/arnthordadi/Documents/projects/routine-builder/src/assets/img/elements/high-bar/page-151-row-1-col-1.png
,|~,|~II,|~,|~B,|~0.2,|~151,|~1,|~2,|~/Users/arnthordadi/Documents/projects/routine-builder/src/assets/img/elements/high-bar/page-151-row-1-col-2.png
Deltchev,|~Swing fwd. % t. to salto fwd. strad. to hang.,|~II,|~,|~C,|~0.3,|~151,|~1,|~3,|~/Users/arnthordadi/Documents/projects/routine-builder/src/assets/img/elements/high-bar/page-151-row-1-col-3.png
,|~,|~II,|~,|~D,|~0.4,|~151,|~1,|~4,|~/Users/arnthordadi/Documents/projects/routine-builder/src/assets/img/elements/high-bar/page-151-row-1-col-4.png
,|~,|~II,|~,|~E,|~0.5,|~151,|~1,|~5,|~/Users/arnthordadi/Documents/projects/routine-builder/src/assets/img/elements/high-bar/page-151-row-1-col-5.png
,|~,|~II,|~,|~F/G/H,|~0.6,|~151,|~1,|~6,|~/Users/arnthordadi/Documents/projects/routine-builder/src/assets/img/elements/high-bar/page-151-row-1-col-6.png
,|~,|~II,|~,|~A,|~0.1,|~151,|~2,|~1,|~/Users/arnthordadi/Documents/projects/routine-builder/src/assets/img/elements/high-bar/page-151-row-2-col-1.png
,|~,|~II,|~,|~B,|~0.2,|~151,|~2,|~2,|~/Users/arnthordadi/Documents/projects/routine-builder/src/assets/img/elements/high-bar/page-151-row-2-col-2.png
,|~‘Swing fwd. and salto bwd. piked w. Yt. to hang.,|~II,|~,|~C,|~0.3,|~151,|~2,|~3,|~/Users/arnthordadi/Documents/projects/routine-builder/src/assets/img/elements/high-bar/page-151-row-2-col-3.png
,|~,|~II,|~,|~D,|~0.4,|~151,|~2,|~4,|~/Users/arnthordadi/Documents/projects/routine-builder/src/assets/img/elements/high-bar/page-151-row-2-col-4.png
,|~,|~II,|~,|~E,|~0.5,|~151,|~2,|~5,|~/Users/arnthordadi/Documents/projects/routine-builder/src/assets/img/elements/high-bar/page-151-row-2-col-5.png
Deff,|~,|~II,|~,|~F/G/H,|~0.6,|~151,|~2,|~6,|~/Users/arnthordadi/Documents/projects/routine-builder/src/assets/img/elements/high-bar/page-151-row-2-col-6.png
,|~,|~II,|~,|~A,|~0.1,|~151,|~3,|~1,|~/Users/arnthordadi/Documents/projects/routine-builder/src/assets/img/elements/high-bar/page-151-row-3-col-1.png
,|~,|~II,|~,|~B,|~0.2,|~151,|~3,|~2,|~/Users/arnthordadi/Documents/projects/routine-builder/src/assets/img/elements/high-bar/page-151-row-3-col-2.png
,|~,|~II,|~,|~C,|~0.3,|~151,|~3,|~3,|~/Users/arnthordadi/Documents/projects/routine-builder/src/assets/img/elements/high-bar/page-151-row-3-col-3.png
Gaylord,|~Salto fwd, tuck or strad. over the bar, also from el-grip.,|~II,|~,|~D,|~0.4,|~151,|~3,|~4,|~/Users/arnthordadi/Documents/projects/routine-builder/src/assets/img/elements/high-bar/page-151-row-3-col-4.png
,|~,|~II,|~,|~E,|~0.5,|~151,|~3,|~5,|~/Users/arnthordadi/Documents/projects/routine-builder/src/assets/img/elements/high-bar/page-151-row-3-col-5.png
Pegan,|~. Gaylord with % t. Gaylord with ¥ t. Gaylord con % g.,|~II,|~,|~F/G/H,|~0.6,|~151,|~3,|~6,|~/Users/arnthordadi/Documents/projects/routine-builder/src/assets/img/elements/high-bar/page-151-row-3-col-6.png
,|~,|~II,|~,|~A,|~0.1,|~151,|~4,|~1,|~/Users/arnthordadi/Documents/projects/routine-builder/src/assets/img/elements/high-bar/page-151-row-4-col-1.png
,|~,|~II,|~,|~B,|~0.2,|~151,|~4,|~2,|~/Users/arnthordadi/Documents/projects/routine-builder/src/assets/img/elements/high-bar/page-151-row-4-col-2.png
,|~,|~II,|~,|~C,|~0.3,|~151,|~4,|~3,|~/Users/arnthordadi/Documents/projects/routine-builder/src/assets/img/elements/high-bar/page-151-row-4-col-3.png
,|~,|~II,|~,|~D,|~0.4,|~151,|~4,|~4,|~/Users/arnthordadi/Documents/projects/routine-builder/src/assets/img/elements/high-bar/page-151-row-4-col-4.png
,|~,|~II,|~,|~E,|~0.5,|~151,|~4,|~5,|~/Users/arnthordadi/Documents/projects/routine-builder/src/assets/img/elements/high-bar/page-151-row-4-col-5.png
Koudinov,|~. Gaylord with 1/1 t. Gaylord with 1/1 t. Gaylord con 1/1 g.,|~II,|~,|~F/G/H,|~0.6,|~151,|~4,|~6,|~/Users/arnthordadi/Documents/projects/routine-builder/src/assets/img/elements/high-bar/page-151-row-4-col-6.png
,|~Salto bwd. piked or str. also with % or 1/1 t.,|~IV,|~Dismounts,|~A,|~0.1,|~160,|~1,|~1,|~/Users/arnthordadi/Documents/projects/routine-builder/src/assets/img/elements/high-bar/page-160-row-1-col-1.png
,|~Salto bwd. str. with 3/2 or 2/1 t.,|~IV,|~Dismounts,|~B,|~0.2,|~160,|~1,|~2,|~/Users/arnthordadi/Documents/projects/routine-builder/src/assets/img/elements/high-bar/page-160-row-1-col-2.png
,|~Salto bwd. str. with 5/2 or 3/1 t.,|~IV,|~Dismounts,|~C,|~0.3,|~160,|~1,|~3,|~/Users/arnthordadi/Documents/projects/routine-builder/src/assets/img/elements/high-bar/page-160-row-1-col-3.png
,|~,|~IV,|~Dismounts,|~D,|~0.4,|~160,|~1,|~4,|~/Users/arnthordadi/Documents/projects/routine-builder/src/assets/img/elements/high-bar/page-160-row-1-col-4.png
,|~,|~IV,|~Dismounts,|~E,|~0.5,|~160,|~1,|~5,|~/Users/arnthordadi/Documents/projects/routine-builder/src/assets/img/elements/high-bar/page-160-row-1-col-5.png
,|~,|~IV,|~Dismounts,|~F/G/H,|~0.6,|~160,|~1,|~6,|~/Users/arnthordadi/Documents/projects/routine-builder/src/assets/img/elements/high-bar/page-160-row-1-col-6.png
,|~,|~IV,|~Dismounts,|~A,|~0.1,|~160,|~2,|~1,|~/Users/arnthordadi/Documents/projects/routine-builder/src/assets/img/elements/high-bar/page-160-row-2-col-1.png
,|~,|~IV,|~Dismounts,|~B,|~0.2,|~160,|~2,|~2,|~/Users/arnthordadi/Documents/projects/routine-builder/src/assets/img/elements/high-bar/page-160-row-2-col-2.png
Tsukahara,|~Double salto bw. t. with 1/1 t.,|~IV,|~Dismounts,|~C,|~0.3,|~160,|~2,|~3,|~/Users/arnthordadi/Documents/projects/routine-builder/src/assets/img/elements/high-bar/page-160-row-2-col-3.png
,|~Double salto bw. t. with 2/1 t.,|~IV,|~Dismounts,|~D,|~0.4,|~160,|~2,|~4,|~/Users/arnthordadi/Documents/projects/routine-builder/src/assets/img/elements/high-bar/page-160-row-2-col-4.png
,|~,|~IV,|~Dismounts,|~E,|~0.5,|~160,|~2,|~5,|~/Users/arnthordadi/Documents/projects/routine-builder/src/assets/img/elements/high-bar/page-160-row-2-col-5.png
,|~,|~IV,|~Dismounts,|~F/G/H,|~0.6,|~160,|~2,|~6,|~/Users/arnthordadi/Documents/projects/routine-builder/src/assets/img/elements/high-bar/page-160-row-2-col-6.png
,|~,|~IV,|~Dismounts,|~A,|~0.1,|~160,|~3,|~1,|~/Users/arnthordadi/Documents/projects/routine-builder/src/assets/img/elements/high-bar/page-160-row-3-col-1.png
,|~,|~IV,|~Dismounts,|~B,|~0.2,|~160,|~3,|~2,|~/Users/arnthordadi/Documents/projects/routine-builder/src/assets/img/elements/high-bar/page-160-row-3-col-2.png
,|~,|~IV,|~Dismounts,|~C,|~0.3,|~160,|~3,|~3,|~/Users/arnthordadi/Documents/projects/routine-builder/src/assets/img/elements/high-bar/page-160-row-3-col-3.png
,|~Double salto bwd. str. with 1/1 t.,|~IV,|~Dismounts,|~D,|~0.4,|~160,|~3,|~4,|~/Users/arnthordadi/Documents/projects/routine-builder/src/assets/img/elements/high-bar/page-160-row-3-col-4.png
Watanabe,|~Double salto bwd. str. with 2/1 t.,|~IV,|~Dismounts,|~E,|~0.5,|~160,|~3,|~5,|~/Users/arnthordadi/Documents/projects/routine-builder/src/assets/img/elements/high-bar/page-160-row-3-col-5.png
Fedorchenko,|~Double salto bwd. str. with 3/1 t.,|~IV,|~Dismounts,|~F/G/H,|~0.6,|~160,|~3,|~6,|~/Users/arnthordadi/Documents/projects/routine-builder/src/assets/img/elements/high-bar/page-160-row-3-col-6.png
,|~,|~IV,|~Dismounts,|~A,|~0.1,|~160,|~4,|~1,|~/Users/arnthordadi/Documents/projects/routine-builder/src/assets/img/elements/high-bar/page-160-row-4-col-1.png
,|~,|~IV,|~Dismounts,|~B,|~0.2,|~160,|~4,|~2,|~/Users/arnthordadi/Documents/projects/routine-builder/src/assets/img/elements/high-bar/page-160-row-4-col-2.png
,|~,|~IV,|~Dismounts,|~C,|~0.3,|~160,|~4,|~3,|~/Users/arnthordadi/Documents/projects/routine-builder/src/assets/img/elements/high-bar/page-160-row-4-col-3.png
,|~,|~IV,|~Dismounts,|~D,|~0.4,|~160,|~4,|~4,|~/Users/arnthordadi/Documents/projects/routine-builder/src/assets/img/elements/high-bar/page-160-row-4-col-4.png
,|~,|~IV,|~Dismounts,|~E,|~0.5,|~160,|~4,|~5,|~/Users/arnthordadi/Documents/projects/routine-builder/src/assets/img/elements/high-bar/page-160-row-4-col-5.png
,|~Triple salto bwd. t. or over the bar.,|~IV,|~Dismounts,|~F/G/H,|~0.6,|~160,|~4,|~6,|~/Users/arnthordadi/Documents/projects/routine-builder/src/assets/img/elements/high-bar/page-160-row-4-col-6.png
,|~Giant swing bwd. with inlocation during swing and dislocate to hdst.,|~I,|~,|~A,|~0.1,|~148,|~1,|~1,|~/Users/arnthordadi/Documents/projects/routine-builder/src/assets/img/elements/high-bar/page-148-row-1-col-1.png
Ono,|~Steineman uprise w. ¥% t. to support. Steineman con % g. al apoyo.,|~I,|~,|~B,|~0.2,|~148,|~1,|~2,|~/Users/arnthordadi/Documents/projects/routine-builder/src/assets/img/elements/high-bar/page-148-row-1-col-2.png
,|~Elgrip giant swg. with 1/1 t. thr. hdst. in mx. gr.,|~I,|~,|~C,|~0.3,|~148,|~1,|~3,|~/Users/arnthordadi/Documents/projects/routine-builder/src/assets/img/elements/high-bar/page-148-row-1-col-3.png
,|~% tum to fwd giant swing.,|~I,|~,|~D,|~0.4,|~148,|~1,|~4,|~/Users/arnthordadi/Documents/projects/routine-builder/src/assets/img/elements/high-bar/page-148-row-1-col-4.png
,|~,|~I,|~,|~E,|~0.5,|~148,|~1,|~5,|~/Users/arnthordadi/Documents/projects/routine-builder/src/assets/img/elements/high-bar/page-148-row-1-col-5.png
,|~,|~I,|~,|~F/G/H,|~0.6,|~148,|~1,|~6,|~/Users/arnthordadi/Documents/projects/routine-builder/src/assets/img/elements/high-bar/page-148-row-1-col-6.png
,|~,|~I,|~,|~A,|~0.1,|~148,|~2,|~1,|~/Users/arnthordadi/Documents/projects/routine-builder/src/assets/img/elements/high-bar/page-148-row-2-col-1.png
,|~,|~I,|~,|~B,|~0.2,|~148,|~2,|~2,|~/Users/arnthordadi/Documents/projects/routine-builder/src/assets/img/elements/high-bar/page-148-row-2-col-2.png
,|~,|~I,|~,|~C,|~0.3,|~148,|~2,|~3,|~/Users/arnthordadi/Documents/projects/routine-builder/src/assets/img/elements/high-bar/page-148-row-2-col-3.png
,|~,|~I,|~,|~D,|~0.4,|~148,|~2,|~4,|~/Users/arnthordadi/Documents/projects/routine-builder/src/assets/img/elements/high-bar/page-148-row-2-col-4.png
,|~,|~I,|~,|~E,|~0.5,|~148,|~2,|~5,|~/Users/arnthordadi/Documents/projects/routine-builder/src/assets/img/elements/high-bar/page-148-row-2-col-5.png
,|~,|~I,|~,|~F/G/H,|~0.6,|~148,|~2,|~6,|~/Users/arnthordadi/Documents/projects/routine-builder/src/assets/img/elements/high-bar/page-148-row-2-col-6.png
,|~,|~I,|~,|~A,|~0.1,|~148,|~3,|~1,|~/Users/arnthordadi/Documents/projects/routine-builder/src/assets/img/elements/high-bar/page-148-row-3-col-1.png
,|~,|~I,|~,|~B,|~0.2,|~148,|~3,|~2,|~/Users/arnthordadi/Documents/projects/routine-builder/src/assets/img/elements/high-bar/page-148-row-3-col-2.png
,|~,|~I,|~,|~C,|~0.3,|~148,|~3,|~3,|~/Users/arnthordadi/Documents/projects/routine-builder/src/assets/img/elements/high-bar/page-148-row-3-col-3.png
,|~,|~I,|~,|~D,|~0.4,|~148,|~3,|~4,|~/Users/arnthordadi/Documents/projects/routine-builder/src/assets/img/elements/high-bar/page-148-row-3-col-4.png
,|~,|~I,|~,|~E,|~0.5,|~148,|~3,|~5,|~/Users/arnthordadi/Documents/projects/routine-builder/src/assets/img/elements/high-bar/page-148-row-3-col-5.png
,|~,|~I,|~,|~F/G/H,|~0.6,|~148,|~3,|~6,|~/Users/arnthordadi/Documents/projects/routine-builder/src/assets/img/elements/high-bar/page-148-row-3-col-6.png
,|~,|~I,|~,|~A,|~0.1,|~148,|~4,|~1,|~/Users/arnthordadi/Documents/projects/routine-builder/src/assets/img/elements/high-bar/page-148-row-4-col-1.png
,|~,|~I,|~,|~B,|~0.2,|~148,|~4,|~2,|~/Users/arnthordadi/Documents/projects/routine-builder/src/assets/img/elements/high-bar/page-148-row-4-col-2.png
,|~,|~I,|~,|~C,|~0.3,|~148,|~4,|~3,|~/Users/arnthordadi/Documents/projects/routine-builder/src/assets/img/elements/high-bar/page-148-row-4-col-3.png
,|~,|~I,|~,|~D,|~0.4,|~148,|~4,|~4,|~/Users/arnthordadi/Documents/projects/routine-builder/src/assets/img/elements/high-bar/page-148-row-4-col-4.png
,|~,|~I,|~,|~E,|~0.5,|~148,|~4,|~5,|~/Users/arnthordadi/Documents/projects/routine-builder/src/assets/img/elements/high-bar/page-148-row-4-col-5.png
,|~,|~I,|~,|~F/G/H,|~0.6,|~148,|~4,|~6,|~/Users/arnthordadi/Documents/projects/routine-builder/src/assets/img/elements/high-bar/page-148-row-4-col-6.png
,|~,|~II,|~,|~A,|~0.1,|~149,|~1,|~1,|~/Users/arnthordadi/Documents/projects/routine-builder/src/assets/img/elements/high-bar/page-149-row-1-col-1.png
,|~Back uprise and straddle over to hang rw.,|~II,|~,|~B,|~0.2,|~149,|~1,|~2,|~/Users/arnthordadi/Documents/projects/routine-builder/src/assets/img/elements/high-bar/page-149-row-1-col-2.png
,|~Back uprise and strad. hecht with % t. to hang.,|~II,|~,|~C,|~0.3,|~149,|~1,|~3,|~/Users/arnthordadi/Documents/projects/routine-builder/src/assets/img/elements/high-bar/page-149-row-1-col-3.png
,|~,|~II,|~,|~D,|~0.4,|~149,|~1,|~4,|~/Users/arnthordadi/Documents/projects/routine-builder/src/assets/img/elements/high-bar/page-149-row-1-col-4.png
,|~,|~II,|~,|~E,|~0.5,|~149,|~1,|~5,|~/Users/arnthordadi/Documents/projects/routine-builder/src/assets/img/elements/high-bar/page-149-row-1-col-5.png
Walstrom,|~Back uprise and hecht straight with 3/2 t. to hang. (Walstrom),|~II,|~,|~F/G/H,|~0.6,|~149,|~1,|~6,|~/Users/arnthordadi/Documents/projects/routine-builder/src/assets/img/elements/high-bar/page-149-row-1-col-6.png
,|~,|~II,|~,|~A,|~0.1,|~149,|~2,|~1,|~/Users/arnthordadi/Documents/projects/routine-builder/src/assets/img/elements/high-bar/page-149-row-2-col-1.png
,|~,|~II,|~,|~B,|~0.2,|~149,|~2,|~2,|~/Users/arnthordadi/Documents/projects/routine-builder/src/assets/img/elements/high-bar/page-149-row-2-col-2.png
Yamawaki,|~Markelov str. with legs together .also with ¥, t.,|~II,|~,|~C,|~0.3,|~149,|~2,|~3,|~/Users/arnthordadi/Documents/projects/routine-builder/src/assets/img/elements/high-bar/page-149-row-2-col-3.png
,|~,|~II,|~,|~D,|~0.4,|~149,|~2,|~4,|~/Users/arnthordadi/Documents/projects/routine-builder/src/assets/img/elements/high-bar/page-149-row-2-col-4.png
,|~,|~II,|~,|~E,|~0.5,|~149,|~2,|~5,|~/Users/arnthordadi/Documents/projects/routine-builder/src/assets/img/elements/high-bar/page-149-row-2-col-5.png
,|~,|~II,|~,|~F/G/H,|~0.6,|~149,|~2,|~6,|~/Users/arnthordadi/Documents/projects/routine-builder/src/assets/img/elements/high-bar/page-149-row-2-col-6.png
,|~,|~II,|~,|~A,|~0.1,|~149,|~3,|~1,|~/Users/arnthordadi/Documents/projects/routine-builder/src/assets/img/elements/high-bar/page-149-row-3-col-1.png
,|~,|~II,|~,|~B,|~0.2,|~149,|~3,|~2,|~/Users/arnthordadi/Documents/projects/routine-builder/src/assets/img/elements/high-bar/page-149-row-3-col-2.png
,|~‘Swing fwd. and vault bwd. strad. to hang, also with,|~II,|~,|~C,|~0.3,|~149,|~3,|~3,|~/Users/arnthordadi/Documents/projects/routine-builder/src/assets/img/elements/high-bar/page-149-row-3-col-3.png
,|~Tkatchev straight, also with % t. to mix el-grip into back uprise to hdst.,|~II,|~,|~D,|~0.4,|~149,|~3,|~4,|~/Users/arnthordadi/Documents/projects/routine-builder/src/assets/img/elements/high-bar/page-149-row-3-col-4.png
,|~,|~II,|~,|~E,|~0.5,|~149,|~3,|~5,|~/Users/arnthordadi/Documents/projects/routine-builder/src/assets/img/elements/high-bar/page-149-row-3-col-5.png
Liukin,|~Tkatchev straight with 1/1 t. Tkatchev extendido con 1/1 g. flo ack.,|~II,|~,|~F/G/H,|~0.6,|~149,|~3,|~6,|~/Users/arnthordadi/Documents/projects/routine-builder/src/assets/img/elements/high-bar/page-149-row-3-col-6.png
,|~,|~II,|~,|~A,|~0.1,|~149,|~4,|~1,|~/Users/arnthordadi/Documents/projects/routine-builder/src/assets/img/elements/high-bar/page-149-row-4-col-1.png
,|~,|~II,|~,|~B,|~0.2,|~149,|~4,|~2,|~/Users/arnthordadi/Documents/projects/routine-builder/src/assets/img/elements/high-bar/page-149-row-4-col-2.png
,|~‘Swing fwd. and vault bwd. piked to hang, also with ¥,|~II,|~,|~C,|~0.3,|~149,|~4,|~3,|~/Users/arnthordadi/Documents/projects/routine-builder/src/assets/img/elements/high-bar/page-149-row-4-col-3.png
,|~,|~II,|~,|~D,|~0.4,|~149,|~4,|~4,|~/Users/arnthordadi/Documents/projects/routine-builder/src/assets/img/elements/high-bar/page-149-row-4-col-4.png
Kulesza,|~Tkatchev straddled % t. to double elgrip. an ate \-,|~II,|~,|~E,|~0.5,|~149,|~4,|~5,|~/Users/arnthordadi/Documents/projects/routine-builder/src/assets/img/elements/high-bar/page-149-row-4-col-5.png
,|~,|~II,|~,|~F/G/H,|~0.6,|~149,|~4,|~6,|~/Users/arnthordadi/Documents/projects/routine-builder/src/assets/img/elements/high-bar/page-149-row-4-col-6.png
,|~,|~IV,|~Dismounts,|~A,|~0.1,|~161,|~1,|~1,|~/Users/arnthordadi/Documents/projects/routine-builder/src/assets/img/elements/high-bar/page-161-row-1-col-1.png
,|~Double salto bwd. t. over the bar.,|~IV,|~Dismounts,|~B,|~0.2,|~161,|~1,|~2,|~/Users/arnthordadi/Documents/projects/routine-builder/src/assets/img/elements/high-bar/page-161-row-1-col-2.png
,|~Doble salto bwd. t. with 1/1 t. over the bar.,|~IV,|~Dismounts,|~C,|~0.3,|~161,|~1,|~3,|~/Users/arnthordadi/Documents/projects/routine-builder/src/assets/img/elements/high-bar/page-161-row-1-col-3.png
,|~Double salto bwd. t. with 2/1 t. over the bar,|~IV,|~Dismounts,|~D,|~0.4,|~161,|~1,|~4,|~/Users/arnthordadi/Documents/projects/routine-builder/src/assets/img/elements/high-bar/page-161-row-1-col-4.png
,|~,|~IV,|~Dismounts,|~E,|~0.5,|~161,|~1,|~5,|~/Users/arnthordadi/Documents/projects/routine-builder/src/assets/img/elements/high-bar/page-161-row-1-col-5.png
Fardan,|~,|~IV,|~Dismounts,|~F/G/H,|~0.6,|~161,|~1,|~6,|~/Users/arnthordadi/Documents/projects/routine-builder/src/assets/img/elements/high-bar/page-161-row-1-col-6.png
,|~,|~IV,|~Dismounts,|~A,|~0.1,|~161,|~2,|~1,|~/Users/arnthordadi/Documents/projects/routine-builder/src/assets/img/elements/high-bar/page-161-row-2-col-1.png
,|~,|~IV,|~Dismounts,|~B,|~0.2,|~161,|~2,|~2,|~/Users/arnthordadi/Documents/projects/routine-builder/src/assets/img/elements/high-bar/page-161-row-2-col-2.png
,|~Double salto bwd. str over the bar.,|~IV,|~Dismounts,|~C,|~0.3,|~161,|~2,|~3,|~/Users/arnthordadi/Documents/projects/routine-builder/src/assets/img/elements/high-bar/page-161-row-2-col-3.png
Hayden,|~Double salto bwd. str. w. 1/1 t. over the bar.,|~IV,|~Dismounts,|~D,|~0.4,|~161,|~2,|~4,|~/Users/arnthordadi/Documents/projects/routine-builder/src/assets/img/elements/high-bar/page-161-row-2-col-4.png
,|~,|~IV,|~Dismounts,|~E,|~0.5,|~161,|~2,|~5,|~/Users/arnthordadi/Documents/projects/routine-builder/src/assets/img/elements/high-bar/page-161-row-2-col-5.png
Belle,|~Triple salto bw. t. with 1/1 t.,|~IV,|~Dismounts,|~F/G/H,|~0.6,|~161,|~2,|~6,|~/Users/arnthordadi/Documents/projects/routine-builder/src/assets/img/elements/high-bar/page-161-row-2-col-6.png
,|~,|~IV,|~Dismounts,|~A,|~0.1,|~161,|~3,|~1,|~/Users/arnthordadi/Documents/projects/routine-builder/src/assets/img/elements/high-bar/page-161-row-3-col-1.png
,|~Tigre con 1/1 0 3/2 g.,|~IV,|~Dismounts,|~B,|~0.2,|~161,|~3,|~2,|~/Users/arnthordadi/Documents/projects/routine-builder/src/assets/img/elements/high-bar/page-161-row-3-col-2.png
,|~,|~IV,|~Dismounts,|~C,|~0.3,|~161,|~3,|~3,|~/Users/arnthordadi/Documents/projects/routine-builder/src/assets/img/elements/high-bar/page-161-row-3-col-3.png
,|~Tigre con 2/1 g.,|~IV,|~Dismounts,|~D,|~0.4,|~161,|~3,|~4,|~/Users/arnthordadi/Documents/projects/routine-builder/src/assets/img/elements/high-bar/page-161-row-3-col-4.png
,|~,|~IV,|~Dismounts,|~E,|~0.5,|~161,|~3,|~5,|~/Users/arnthordadi/Documents/projects/routine-builder/src/assets/img/elements/high-bar/page-161-row-3-col-5.png
,|~,|~IV,|~Dismounts,|~F/G/H,|~0.6,|~161,|~3,|~6,|~/Users/arnthordadi/Documents/projects/routine-builder/src/assets/img/elements/high-bar/page-161-row-3-col-6.png
,|~,|~IV,|~Dismounts,|~A,|~0.1,|~161,|~4,|~1,|~/Users/arnthordadi/Documents/projects/routine-builder/src/assets/img/elements/high-bar/page-161-row-4-col-1.png
,|~,|~IV,|~Dismounts,|~B,|~0.2,|~161,|~4,|~2,|~/Users/arnthordadi/Documents/projects/routine-builder/src/assets/img/elements/high-bar/page-161-row-4-col-2.png
,|~,|~IV,|~Dismounts,|~C,|~0.3,|~161,|~4,|~3,|~/Users/arnthordadi/Documents/projects/routine-builder/src/assets/img/elements/high-bar/page-161-row-4-col-3.png
,|~,|~IV,|~Dismounts,|~D,|~0.4,|~161,|~4,|~4,|~/Users/arnthordadi/Documents/projects/routine-builder/src/assets/img/elements/high-bar/page-161-row-4-col-4.png
,|~,|~IV,|~Dismounts,|~E,|~0.5,|~161,|~4,|~5,|~/Users/arnthordadi/Documents/projects/routine-builder/src/assets/img/elements/high-bar/page-161-row-4-col-5.png
,|~,|~IV,|~Dismounts,|~F/G/H,|~0.6,|~161,|~4,|~6,|~/Users/arnthordadi/Documents/projects/routine-builder/src/assets/img/elements/high-bar/page-161-row-4-col-6.png
,|~Salto fwd. piked or straight, also with ¥ t.,|~IV,|~Dismounts,|~A,|~0.1,|~159,|~1,|~1,|~/Users/arnthordadi/Documents/projects/routine-builder/src/assets/img/elements/high-bar/page-159-row-1-col-1.png
,|~Salto fwd. str. with 1/1 or 3/2 t.,|~IV,|~Dismounts,|~B,|~0.2,|~159,|~1,|~2,|~/Users/arnthordadi/Documents/projects/routine-builder/src/assets/img/elements/high-bar/page-159-row-1-col-2.png
,|~Salto fwd. str. with 2/1 or 5/2 t. filly.,|~IV,|~Dismounts,|~C,|~0.3,|~159,|~1,|~3,|~/Users/arnthordadi/Documents/projects/routine-builder/src/assets/img/elements/high-bar/page-159-row-1-col-3.png
,|~,|~IV,|~Dismounts,|~D,|~0.4,|~159,|~1,|~4,|~/Users/arnthordadi/Documents/projects/routine-builder/src/assets/img/elements/high-bar/page-159-row-1-col-4.png
,|~,|~IV,|~Dismounts,|~E,|~0.5,|~159,|~1,|~5,|~/Users/arnthordadi/Documents/projects/routine-builder/src/assets/img/elements/high-bar/page-159-row-1-col-5.png
Rumbutis,|~Triple salto fwd. t. or with Ya t.,|~IV,|~Dismounts,|~F/G/H,|~0.6,|~159,|~1,|~6,|~/Users/arnthordadi/Documents/projects/routine-builder/src/assets/img/elements/high-bar/page-159-row-1-col-6.png
,|~,|~IV,|~Dismounts,|~A,|~0.1,|~159,|~2,|~1,|~/Users/arnthordadi/Documents/projects/routine-builder/src/assets/img/elements/high-bar/page-159-row-2-col-1.png
,|~,|~IV,|~Dismounts,|~B,|~0.2,|~159,|~2,|~2,|~/Users/arnthordadi/Documents/projects/routine-builder/src/assets/img/elements/high-bar/page-159-row-2-col-2.png
,|~Double salto fwd. t. or p.or with Y turn.,|~IV,|~Dismounts,|~C,|~0.3,|~159,|~2,|~3,|~/Users/arnthordadi/Documents/projects/routine-builder/src/assets/img/elements/high-bar/page-159-row-2-col-3.png
,|~Double salto fwd. t. or p. with 1/1 or 3/2 t.,|~IV,|~Dismounts,|~D,|~0.4,|~159,|~2,|~4,|~/Users/arnthordadi/Documents/projects/routine-builder/src/assets/img/elements/high-bar/page-159-row-2-col-4.png
,|~Double salto fwd. t. or p. with 2/1 or 5/2,|~IV,|~Dismounts,|~E,|~0.5,|~159,|~2,|~5,|~/Users/arnthordadi/Documents/projects/routine-builder/src/assets/img/elements/high-bar/page-159-row-2-col-5.png
,|~,|~IV,|~Dismounts,|~F/G/H,|~0.6,|~159,|~2,|~6,|~/Users/arnthordadi/Documents/projects/routine-builder/src/assets/img/elements/high-bar/page-159-row-2-col-6.png
,|~,|~IV,|~Dismounts,|~A,|~0.1,|~159,|~3,|~1,|~/Users/arnthordadi/Documents/projects/routine-builder/src/assets/img/elements/high-bar/page-159-row-3-col-1.png
,|~,|~IV,|~Dismounts,|~B,|~0.2,|~159,|~3,|~2,|~/Users/arnthordadi/Documents/projects/routine-builder/src/assets/img/elements/high-bar/page-159-row-3-col-2.png
,|~,|~IV,|~Dismounts,|~C,|~0.3,|~159,|~3,|~3,|~/Users/arnthordadi/Documents/projects/routine-builder/src/assets/img/elements/high-bar/page-159-row-3-col-3.png
,|~Double salto fwd. str. or with Yt.,|~IV,|~Dismounts,|~D,|~0.4,|~159,|~3,|~4,|~/Users/arnthordadi/Documents/projects/routine-builder/src/assets/img/elements/high-bar/page-159-row-3-col-4.png
Alvarez,|~Double salto fwd. str. with 1/1 or 3/2 t.,|~IV,|~Dismounts,|~E,|~0.5,|~159,|~3,|~5,|~/Users/arnthordadi/Documents/projects/routine-builder/src/assets/img/elements/high-bar/page-159-row-3-col-5.png
,|~,|~IV,|~Dismounts,|~F/G/H,|~0.6,|~159,|~3,|~6,|~/Users/arnthordadi/Documents/projects/routine-builder/src/assets/img/elements/high-bar/page-159-row-3-col-6.png
,|~,|~IV,|~Dismounts,|~A,|~0.1,|~159,|~4,|~1,|~/Users/arnthordadi/Documents/projects/routine-builder/src/assets/img/elements/high-bar/page-159-row-4-col-1.png
,|~,|~IV,|~Dismounts,|~B,|~0.2,|~159,|~4,|~2,|~/Users/arnthordadi/Documents/projects/routine-builder/src/assets/img/elements/high-bar/page-159-row-4-col-2.png
,|~Double salto fwd. t. or p. or with ¥% turn over the bar.,|~IV,|~Dismounts,|~C,|~0.3,|~159,|~4,|~3,|~/Users/arnthordadi/Documents/projects/routine-builder/src/assets/img/elements/high-bar/page-159-row-4-col-3.png
,|~Dbl. salto fwd. t. or p. w. 1/1 or 3/2 t. over the bar.,|~IV,|~Dismounts,|~D,|~0.4,|~159,|~4,|~4,|~/Users/arnthordadi/Documents/projects/routine-builder/src/assets/img/elements/high-bar/page-159-row-4-col-4.png
,|~,|~IV,|~Dismounts,|~E,|~0.5,|~159,|~4,|~5,|~/Users/arnthordadi/Documents/projects/routine-builder/src/assets/img/elements/high-bar/page-159-row-4-col-5.png
,|~,|~IV,|~Dismounts,|~F/G/H,|~0.6,|~159,|~4,|~6,|~/Users/arnthordadi/Documents/projects/routine-builder/src/assets/img/elements/high-bar/page-159-row-4-col-6.png
,|~,|~III,|~,|~A,|~0.1,|~158,|~1,|~1,|~/Users/arnthordadi/Documents/projects/routine-builder/src/assets/img/elements/high-bar/page-158-row-1-col-1.png
,|~,|~III,|~,|~B,|~0.2,|~158,|~1,|~2,|~/Users/arnthordadi/Documents/projects/routine-builder/src/assets/img/elements/high-bar/page-158-row-1-col-2.png
,|~Endo in el-grip thr. hdst.,|~III,|~,|~C,|~0.3,|~158,|~1,|~3,|~/Users/arnthordadi/Documents/projects/routine-builder/src/assets/img/elements/high-bar/page-158-row-1-col-3.png
,|~Endo legs together in el-grip thr. hdst.,|~III,|~,|~D,|~0.4,|~158,|~1,|~4,|~/Users/arnthordadi/Documents/projects/routine-builder/src/assets/img/elements/high-bar/page-158-row-1-col-4.png
,|~,|~III,|~,|~E,|~0.5,|~158,|~1,|~5,|~/Users/arnthordadi/Documents/projects/routine-builder/src/assets/img/elements/high-bar/page-158-row-1-col-5.png
,|~,|~III,|~,|~F/G/H,|~0.6,|~158,|~1,|~6,|~/Users/arnthordadi/Documents/projects/routine-builder/src/assets/img/elements/high-bar/page-158-row-1-col-6.png
,|~Stoop circle fwd. to straddle cut to hang or sup.,|~III,|~,|~A,|~0.1,|~158,|~2,|~1,|~/Users/arnthordadi/Documents/projects/routine-builder/src/assets/img/elements/high-bar/page-158-row-2-col-1.png
,|~Stoop circle fwd. to straddle cut through hdst.,|~III,|~,|~B,|~0.2,|~158,|~2,|~2,|~/Users/arnthordadi/Documents/projects/routine-builder/src/assets/img/elements/high-bar/page-158-row-2-col-2.png
Carballo,|~Stoop circle fwd. to straddle cut with % t.,|~III,|~,|~C,|~0.3,|~158,|~2,|~3,|~/Users/arnthordadi/Documents/projects/routine-builder/src/assets/img/elements/high-bar/page-158-row-2-col-3.png
Quintero,|~Carballo with ¥% turn to mixed el-grip.,|~III,|~,|~D,|~0.4,|~158,|~2,|~4,|~/Users/arnthordadi/Documents/projects/routine-builder/src/assets/img/elements/high-bar/page-158-row-2-col-4.png
,|~,|~III,|~,|~E,|~0.5,|~158,|~2,|~5,|~/Users/arnthordadi/Documents/projects/routine-builder/src/assets/img/elements/high-bar/page-158-row-2-col-5.png
,|~,|~III,|~,|~F/G/H,|~0.6,|~158,|~2,|~6,|~/Users/arnthordadi/Documents/projects/routine-builder/src/assets/img/elements/high-bar/page-158-row-2-col-6.png
,|~,|~III,|~,|~A,|~0.1,|~158,|~3,|~1,|~/Users/arnthordadi/Documents/projects/routine-builder/src/assets/img/elements/high-bar/page-158-row-3-col-1.png
,|~,|~III,|~,|~B,|~0.2,|~158,|~3,|~2,|~/Users/arnthordadi/Documents/projects/routine-builder/src/assets/img/elements/high-bar/page-158-row-3-col-2.png
,|~,|~III,|~,|~C,|~0.3,|~158,|~3,|~3,|~/Users/arnthordadi/Documents/projects/routine-builder/src/assets/img/elements/high-bar/page-158-row-3-col-3.png
,|~,|~III,|~,|~D,|~0.4,|~158,|~3,|~4,|~/Users/arnthordadi/Documents/projects/routine-builder/src/assets/img/elements/high-bar/page-158-row-3-col-4.png
,|~,|~III,|~,|~E,|~0.5,|~158,|~3,|~5,|~/Users/arnthordadi/Documents/projects/routine-builder/src/assets/img/elements/high-bar/page-158-row-3-col-5.png
,|~,|~III,|~,|~F/G/H,|~0.6,|~158,|~3,|~6,|~/Users/arnthordadi/Documents/projects/routine-builder/src/assets/img/elements/high-bar/page-158-row-3-col-6.png
,|~,|~III,|~,|~A,|~0.1,|~158,|~4,|~1,|~/Users/arnthordadi/Documents/projects/routine-builder/src/assets/img/elements/high-bar/page-158-row-4-col-1.png
,|~,|~III,|~,|~B,|~0.2,|~158,|~4,|~2,|~/Users/arnthordadi/Documents/projects/routine-builder/src/assets/img/elements/high-bar/page-158-row-4-col-2.png
,|~,|~III,|~,|~C,|~0.3,|~158,|~4,|~3,|~/Users/arnthordadi/Documents/projects/routine-builder/src/assets/img/elements/high-bar/page-158-row-4-col-3.png
,|~,|~III,|~,|~D,|~0.4,|~158,|~4,|~4,|~/Users/arnthordadi/Documents/projects/routine-builder/src/assets/img/elements/high-bar/page-158-row-4-col-4.png
,|~,|~III,|~,|~E,|~0.5,|~158,|~4,|~5,|~/Users/arnthordadi/Documents/projects/routine-builder/src/assets/img/elements/high-bar/page-158-row-4-col-5.png
,|~,|~III,|~,|~F/G/H,|~0.6,|~158,|~4,|~6,|~/Users/arnthordadi/Documents/projects/routine-builder/src/assets/img/elements/high-bar/page-158-row-4-col-6.png
